journal,author,title,translated year,author name in english,original title,first published year,genre,Additional comments
Vsesvit,Азімов Айзек,Зелені цяточки: Оповідання,1989,Isaac Asimov,Green Patches,1950,,"first published under the title ""Misbegotten Missionary"" in 1950, reprinted in 1969 under the new title"
Vsesvit,Азімов Айзек,І що воно таке - кохання?: Оповідання,1987,Isaac Asimov,What Is This Thing Called Love,1961,," first published in 1961 as ""Playboy and the Slime God"", later renamed uner the new title in 1969"
Vsesvit,Азімов Айзек,Сховище: Оповідання,1970,Isaac Asimov,"Foster, you're dead!",1955,,"short story by Philip K. Dick published under the title 'Foster, you're dead!' in 1955, was published in Ogonek in 1950s"
Vsesvit,Аллен Вуді,Бог: П’єса,1981,Woody Allen,God,1975,,"part of Without Feathers book, publisher Random Pinguin House"
Vsesvit,Аллен Вуді,Про мафію і про літературу: Гуморески,1991,Woody Allen,A Look at the Organized Crime,1970,,"Published in the New Yorker Magazine under the tutle ""A look at the organized crime', in journal mentioned like Woody Allen. Getting Even - Warner books"
Vsesvit,Апдайк Джон,Кизилове дерево: Оповідання,1969,John Updike,The Dogwood Tree: a Boyhood,1962,,published in Martin Levin's Five Boyhoods
Vsesvit,Артур Роберт,Жартівник: Оповідання,1986,Robert Arthur Jr.,The Jokester,1952,,
Vsesvit,Бартелм [Бартельм] Дональд,Геть корисні поради: Гумореска,1965,Donald Barthelme,Down the Line with the Annual,1964,,published in the New Yorker
Vsesvit,Бах Річард,Ілюзії (Пригоди Месії мимоволі): Повість,1989,Richard Bach,Illusions: The Adventures of a Reluctant Messiah,1977,,
Vsesvit,Бейкер С. & Герні Е,Як співіснувати з неврастенічним собакою: Гумореска,1968,Stephen Baker,How to Live With Neurotic Dog,1960,,
Vsesvit,Беллоу Сол,"Гендерсон, повелитель дощу: Роман",1991,Saul Bellow,Henderson the Rain King,1959,,
Vsesvit,Бессі Альва,Символ: Роман,1971,Alvah Bessie,The Symbol,1966,,
Vsesvit,Бестер Альфред,"Зачекайте хвилинку, будь ласка’: Оповідання",1971,Alfred Bester,Will you wait?,1959,,
Vsesvit,Блетті Вільям Пітер,Екзорсист: Повість,1987,William Peter Blatty,The Exorcist,1971,,
Vsesvit,Болл Джон,Розправа з біржовиками: Роман,1983,John Ball,The Killing in The Market,1978,,
Vsesvit,Браун Фредерік [Фредрік],У кожного своє хобі: Оповідання,1983,Fredric Brown,Hobbyist,1961,,
Vsesvit,Бредбері Рей,Велика пожежа,1984,Ray Bradbury,The Great Fire,1949,,originally puplished in Seventeen
Vsesvit,Бредбері Рей,Круки,1984,Ray Bradbury, A Flight of Ravens,1952,,originally piblished in California Quarterly in 1951
Vsesvit,Бредбері Рей,Жебрак на мосту О’Коннела,1984,Ray Bradbury,The Beggar on the Dublin Bridge,1961,,
Vsesvit,Бредбері Рей,Коли переносять могили,1984,Ray Bradbury,The Tombling Day,1952,,
Vsesvit,Бредбері Рей,Історія одного кохання,1984,Ray Bradbury,These Things Happen/Story of Love,1951,,
Vsesvit,Бредбері Рей,Далеко за північ: Оповідання,1984,Ray Bradbury,Long After Midnight,1976,,
Vsesvit,Бредбері Рей,Джордж Бернард Шоу - модель 5: Оповідання,1979,Ray Bradbury,G.B.S. - Mark 5,1976,,
Vsesvit,Бредбері Рей,"Марсіанська хроніка: Фантаст, роман",1962,Ray Bradbury,The Martian Chronicles,1950,,
Vsesvit,Бредбері Рей,Ракета: Оповідання,1964,Ray Bradbury,The Rocket,1950,,also included in The Illustrated Man collection 
Vsesvit,Бредбері Рей,Смерть - діло самотнє: Роман,1988,Ray Bradbury,Death Is a Lonely Business,1985,,
Vsesvit,Бредбері Рей,"Той, що чекає",1983,Ray Bradbury,The One who Waits,1949,,"first published in 1949, but Vsesvit mentiones a collection from 1964 where this text was inclided"
Vsesvit,Бредбері Рей,Убивця: Оповідання,1983,Ray Bradbury,The Murderer,1952,,
Vsesvit,Бредбері Рей,Усмішка: Оповідання,1985,Ray Bradbury,The Smile,1952,,
Vsesvit,Бухвальд Ap,Педагог,1970,Art Buchwald,,,,
Vsesvit,Бухвальд Ap,Несправжній американець: Фейлетони,1970,Art Buchwald,,,,
Vsesvit,Бухвальд Ap,Сер Уїнстон [Черчілль] - американець: Фейлетон,1963,Art Buchwald,,,,
Vsesvit,Вассермен Дейл,А за тим пропав і слід (Політ над гніздом зозулі): П’єса за романом Кена Кізі,1987,Dale Wasserman,One Flew Over the Cuckoo's Nest,1962,,
Vsesvit,Відал Гор,Сотворіння світу: Роман,1989,Gore Vidal,Creation,1981,,
Vsesvit,Вілсон Колін,Паразити свідомості: Роман,1988,Colin Wilson,The Mind Parasites,1967,,
Vsesvit,Воннегут Курт,"Балаган, або Кінець самотності!: Роман",1984,Kurt Vonnegut,"Slapstick, or Lonesome No More!",1976,,
Vsesvit,Воннегут Курт,"Все завтра, та все завтра, та все завтра: Оповідання",1979,Kurt Vonnegut,Tomorrow and Tomorrow and Tomorrow/The Big Trip Up Yonder,1954,,
Vsesvit,Воннегут Курт,Галапагос: Роман,1990,Kurt Vonnegut,Galápagos,1985,,
Vsesvit,Воннегут Курт,Сила духу: Новела-сценарій,1983,Kurt Vonnegut,Fortitude,1968,,
Vsesvit,Вудгаус Пелем Гренвілл,Дивовижна пригода з натурником: Гумореска,1988,P. G. Wodehouse,Strange Experience of an Artist's Model,1921,Humor short story,"was born and raised in Great Britain, but his works were wrtitten in the US"
Vsesvit,Вулф Томас,"Додому нема вороття: Урив, з роману",1973,Thomas Wolfe,You Can't Go Home Again,1940,,
Vsesvit,Галпер Альберт,Юніон-сквер: Роман,1970,Albert Halper,Union Square,1933,,
Vsesvit,Гаррісон Вільям,Ролербол: Оповідання,1980,William Harrison,Roller Ball Murder,1974,,
Vsesvit,Гаррісон Гаррі,"Білл, герой Галактики: Роман",1991,Harry Harrison,"Bill, The Galactic Hero",1965,,
Vsesvit,Гоч Едвард [Едвард Д.],Я тебе всюди впізнаю: Оповідання,1972,Edward D. Hoch,I'd Know You Anywhere,1963,Thriller,
Vsesvit,Грехем Маргарет,"Щоб легше дихалось: [Урив, з роману]",1958,,,,,
Vsesvit,Дідіон Джоан,Демократія: Роман,1988,Joan Didion,Democracy,1984,,
Vsesvit,Доктороу Едгар Лоренс,Озеро Гагари: Роман,1982,E. L. Doctorow,Loon Lake,1980,,
Vsesvit,Доктороу Едгар Лоренс,Регтайм: Роман,1978,E. L. Doctorow,Ragtime,1975,,
Vsesvit,Донліві Дж. П,Люба Сільвіє!.. Любий Хьюго!..: Гумореска,1989,J. P. Donleavy,Dear Sylvia! Dear Hugo!,1964,,"part of Meet My Maker the Mad Molecule (stories/sketches) Atlantic-Little, Brown, Boston 1964"
Vsesvit,Каммінгс Едвард Естлін,Я: шість нелекцій: Есе,1991,E. E. Cummings,I - six nonlectures,1953,,
Vsesvit,Капоте Трумен,Музика для хамелеонів: Оповідання,1987,Truman Capote,Music For Chamelions,1980,,
Vsesvit,Капоте Трумен,Одного різдва: Оповідання,1987,Truman Capote,One Christmas,1983,,
Vsesvit,Карр Е,Викрадено кішку: Оповідання,1966,A. H. Z. Carr,A Case of Catnapping,1954,,
Vsesvit,Каттнер Генрі,"Те, що вам треба: Оповідання",1988,Henry Kuttner,What You Need,1945,,was published under the pseudonym Lewis Padgett
Vsesvit,Квін Еллері,Божий світильник: Повість,1989,Ellery Quinn,The Lamp of God,1935,,
Vsesvit,Кейдін Мартін,Майже опівночі: Роман,1984,Martin Caidin,Almost Midnight,1971,,
Vsesvit,Келлер Девід,Клапоть лінолеуму: Оповідання,1981,David Henry Keller,A Piece of Linoleum,1933,,was published under the pseudonym Amy Worth
Vsesvit,Кепп Ел,Лисий Горел: Комікс,1990,Al Kapp,The Bald Iggle/From Li'l Abner series,1955,,
Vsesvit,Керуак Джек,Малий Пік: Повість,1979,Jack Kerouac,Pic,1971,,
Vsesvit,Кінг Стівен,Переслідуваний: Роман,1991,Stephen King,The Running Man,1982,,"first published underthe  pseudonym Richard Bachman, in 1985 it was collected in The Bachman Books"
Vsesvit,Клейтон Джон Белл,Біле коло,1959,John Bell Clayton,The White Circle,1947,,
Vsesvit,Клейтон Джон Белл,Випадок на Чепмен Свич,1959,John Bell Clayton,Incident at Chapman's Switch,1957,,"can't find the original date, but it  was included in The Strangers Were There collection"
Vsesvit,Клейтон Джон Белл,"Щаслива історія, коли розповісти її з кінця: Оповідання",1959,John Bell Clayton,A Happy Story When Seen Backwards,1957,,
Vsesvit,Колдуелл Ерскін,Лампа горить цілу ніч: Роман,1962,Erskine Caldwell,A Lamp for Nightfall,1952,,
Vsesvit,Колдуелл Ерскін,Смоленська дорога: Нариси,1975,Erskine Caldwell,All-Out on the Road to Smolensk,1942,,
Vsesvit,Коннел Івен С. ,Мелвін стає абстракціоністом: Розд. з роману «Патріот»,1963,Evan S. Connell,The  Patriot,1960,,
Vsesvit,Коул Берт,Вулкан Субі: Роман,1959,Burt Cole,Subi: The Volcano,1957,,
Vsesvit,Кук Робін,Мозок: Роман,1989,Robin Cook,Brain,1980,Medical thriller,
Vsesvit,Ларднер Рінг,День Конрада Гріна: Оповідання,1971,Ring Lardner,A Day with Conrad Green,1929,,
Vsesvit,Ларднер Рінг,Моє виправдання: Оповідання,1970,Ring Lardner,Ex Parte,1929,,
Vsesvit,Ле Гуїн Урсула,"Слово, що звільняє: Оповідання",1991,Ursula K. Le Guin,The Word of Unbinding,1964,speculative fiction,first published In Fantastic magazine - digest size fantasy and science fiction magazine
Vsesvit,Ліві Ньюмен,Седрік та його хрещений батько: Гумореска,1988,Newman Levy,Cedric's Fairy Godfather,1958,Humor short story,
Vsesvit,Ліггет Б,Любитель кішок: Оповідання,1969,Byron Liggett,The Cat Man,1960,,
Vsesvit,Макграт Томас,Ворота облуди і ворота правди: Повість,1984,Thomas McGrath,"The Gates of Ivory, the Gates of Horn",1957,,
Vsesvit,Маккаллерс Карсон,Балада про сумне кафе: Повість,1983,Carson McCullens,The Ballad of the Sad Café,1951,,
Vsesvit,Маккаллерс Карсон,Мадам Зіленська і король Фінляндії: Оповідання,1991,Carson McCullens,Madame Zilensky and the King of Finland,1951,,
Vsesvit,Маккол Ден,Незграба Джек: Роман,1980,Dan McCall,Jack the Bear,1974,,
Vsesvit,Марч Вільям,Біллові очі: Оповідання,1984,William March,Bill's Eyes,1939,,
Vsesvit,Марч Вільям,Дружинонька: Новела,1977,William March,The Little Wife,1935,,
Vsesvit,Мейфілд Джуліан,Довга ніч: Повість,1970,Julian Mayfield,The Long Night,1958,,
Vsesvit,Мелвілл Герман,"Біллі Бад, формарсовий матрос: Повість",1977,Herman Melville,"Billy Budd, Sailor",1924,,
Vsesvit,Метесон Річард,Двобій: Оповідання,1982,Richard Matheson,Duel,1971,,
Vsesvit,Міддоу Дж,Смерть Томмі Граймса: Оповідання,1963,R. J. Meaddough,The Death of Tommy Grimes,1962,,
Vsesvit,Міен Томас,Кіноконцентрат. Розчинити за смаком: Оповідання,1964,,,,,
Vsesvit,О’Коннор Фланнері,Урожай: Новела,1977,Flannery O'Connor,The Crop,1971,,
Vsesvit,Олбі Едвард,Смерть Бессі Сміт: П’єса,1964,Edward Albee,The Death of Bessie Smith,1960,,
Vsesvit,Олбрайт Джон,Заборона: Оповідання,1963,,,,,
Vsesvit,Олгрен Нельсон,Пляшка молока для матері: Оповідання,1961,Nelson Algren,A Bottle of Milk for Mother,1941,,
Vsesvit,Оутс Джойс Керол,Перша сутичка,1977,Joyce Carol Oates,First Views of the Enemy,,,
Vsesvit,Оутс Джойс Керол,Норман і вбивця,1977,Joyce Carol Oates,Norman And the Killer,1966,,
Vsesvit,Оутс Джойс Керол,Після аварії,1977,Joyce Carol Oates,Convalescing,1970,,
Vsesvit,Оутс Джойс Керол,Безпритульні діти: Оповідання,1977,Joyce Carol Oates,Stray Children,1972,,
Vsesvit,О’Хара Джон,Гроші: Новела,1977,John O'Hara,Money,1962,published in the New Yorker,
Vsesvit,Портер Кетрін Енн,Корабель блазнів: Роман,1978,Katherine Anne Porter,Ship of Fools,1962,,
Vsesvit,П’юзо Маріо,Хрещений батько: Роман,1973,Mario Puzo,Godfather,1969,,
Vsesvit,Рейнолдс Мак,Концентратор нещасть: Оповідання,1987,Mack Reynolds,Prone,1954,Science fiction,first published in the Magazine of Fantasy and Science Fiction
Vsesvit,Руні Френк,Мотоциклісти: Оповідання,1982,Frank Rooney,Ciclists' Raid,1951,,
Vsesvit,Сакстон Александр,Ясна павутинка в темряві: Роман,1965,Alexander Saxton,The Bright Web in the Darkness,1958,,
Vsesvit,Саллівен Френк,"Містер Арбатнот визначає, що таке кохання: Гумореска",1964,Frank Sullivan,The Cliché Expert Testifies on Love,1935,Humor short story,Published in the New Yorker Magazine
Vsesvit,Сароян Вільям,Літо прегарного білого коня: Новела,1977,William Saroyan,The Summer of the Beautiful White Horse,1940,,
Vsesvit,Сароян Вільям,"Любов, смерть, самопожертва і так далі: Оповідання",1963,William Saroyan,"Love, Death, Sacrifice and So Forth",1934,,
Vsesvit,Сароян Вільям,Люди в печері: П’єса,1961,William Saroyan,The Cave Dwellers,1958,,
Vsesvit,Сароян Вільям,Сумна історія: Роман,1968,William Saroyan,The Laughing Matter/A Secret Story,1953,,
Vsesvit,Семсон Джоан,Аукціоніст: Роман,1982,Joan Samson,The Auctioneer,1976,,
Vsesvit,Сігел Ерік,Історія одного кохання: Роман,1976,Erich Segal,Love Story,1970,,
Vsesvit,Стевіс Беррі,"Людина, що ніколи не вмирала: П’єса",1963,Barrie Stavis,The Man Who Never Died,1954,,
Vsesvit,Стейнбек Джон,Біла куріпка,1964,John Steinbeck,The White Quail,1938,,
Vsesvit,Стейнбек Джон,Втеча,1964,John Steinbeck,Flight,1938,,
Vsesvit,Стейнбек Джон,Династія Уайтсайдів,1964,John Steinbeck,The Pastures of Heaven. Chapter XI,1932,,
Vsesvit,Стейнбек Джон,Дім Пета Гамберта,1964,John Steinbeck,The Pastures of Heaven. Chapter X,1932,,
Vsesvit,Стейнбек Джон,Свята діва Кеті,1964,John Steinbeck,Saint Katy the Virgin,1938,,
Vsesvit,Стейнбек Джон,Хризантеми,1964,John Steinbeck,The Chrysanthemums,1938,,
Vsesvit,Стейнбек Джон,Сестри Лопес: Оповідання,1964,John Steinbeck,The Pastures of Heaven. Chapter VII,1932,,
Vsesvit,Стейнбек Джон,Консервний Рад: Повість,1965,John Steinbeck,Cannery Row,1945,,
Vsesvit,Стоун Ірвінг,Бунт розуму: Роман,1991,Irving Stone,The Passions of the Mind,1971,,
Vsesvit,Стоун Ірвінг,Як створювалась «Пієта»: Повість,1966,Irving Stone,The Story of Michelangelo's Pieta,1961,,
Vsesvit,Стоун Філіп Олстон,Тікати нікуди: Роман,1963,Philip Alston Stone,No Place to Run,1959,,
Vsesvit,Суонн Томас Бернетт,Ніч єдинорога: Оповідання,1982,Thomas Burnett Swann,The Night of the Unicorn,1975,fantasy,
Vsesvit,Ташнет Леонард,Практична людина: Оповідання,1981,Leonard Tushnet,A Practical invention,1972,Science fiction,published in Fantasy and Science Fiction
Vsesvit,Торбер [Тербер; Тарбер] Джеймс,Дві баєчки: Миролюбний Мангуст,1966,James Thurber,Peacelike mongoose,1956,fable,Further Fables for Our Time by New Yorker
Vsesvit,Торбер [Тербер; Тарбер] Джеймс,"Про тигра, який хотів бути царем",1966,James Thurber,The Tiger Who Would Be King,1956,fable,Further Fables for Our Time by New Yorker
Vsesvit,Торбер [Тербер; Тарбер] Джеймс,Док Марло: Оповідання,1984,James Thurber,Doc Marlowe,1935,,first published in the New Yorker
Vsesvit,Торбер [Тербер; Тарбер] Джеймс,Обранець народу: Оповідання,1970,James Thurber,But Few are Chosen,1930,,
Vsesvit,Торбер [Тербер; Тарбер] Джеймс,Таємне життя Уолтера Миті: Оповідання,1982,James Thurber,The Secret Life of Walter Mitty,1939,,
Vsesvit,Торбер [Тербер; Тарбер] Джеймс,Тринадцять дзигарів,1967,James Thurber,The 13 Clocks,1950,,
Vsesvit,Торбер [Тербер; Тарбер] Джеймс,Дивовижне «О»: Оповідання,1967,James Thurber,The wonderful O,1957,,
Vsesvit,Трейсі Вірджінія,Громовержець: Оповідання,1972,,,,,
Vsesvit,Уелті Юдора,Дочка оптиміста: Повість,1974,Eudora Welty,The Optimist's Daughter ,1969,,first published in the New Yorker
Vsesvit,Уїльямс Теннесі,З десятим серпня!: Новела,1977,Tennessee Williams,Happy August the Tenth,1974,,
Vsesvit,Фармер Філіп Хосе,Наперекір тількивівторковому світу: Оповідання,1983,Philip José Farmer,The Sliced-Crosswise Only-On-Tuesday World,1971,Science fiction,
Vsesvit,Фелсен Генрі Грегор,Самогубство з сотнею доларів: Оповідання,1991,Henry Gregor Felsen,The Hundred Dollar Suicide ,1956,,published in Playboy
Vsesvit,Фіцджеральд Френсіс Скотт,Повернення до Вавілона: Оповідання,1976,F. Scott Fitzgerald,Babylon Revisited,1931,,
Vsesvit,Фіш Роберт,Напад на літак: Оповідання,1982,Robert L. Fish,Hijack,1972,crime fiction/detective,
Vsesvit,Фолкнер Вільям,В свою останню годину: Роман,1986,William Faulkner,As I lay dying,1930,,
Vsesvit,Фолкнер Вільям,Домашнє вогнище: Повість,1975,William Faulkner,The  Fire and the Heart,1942,,
Vsesvit,Фолкнер Вільям,Еллі: Новела,1977,William Faulkner,Elly,1934,,"bibliography says 1934, vsesvit says 1931"
Vsesvit,Фолкнер Вільям,Жила собі королева: Оповідання,1975,William Faulkner,There Was a Queen,1933,,
Vsesvit,Фолкнер Вільям,Золотий край,1971,William Faulkner,Golden Land,1935,,
Vsesvit,Фолкнер Вільям,Завтра і позавтра...: Оповідання,1971,William Faulkner,Tomorrow,1940,,
Vsesvit,Фолкнер Вільям,Крадії: Роман,1970,William Faulkner,The Reivers,1962,,
Vsesvit,Фолкнер Вільям,Пенсільванський вокзал,1960,William Faulkner,Pennsylvania Station,1934,,
Vsesvit,Фолкнер Вільям,Два солдати,1960,William Faulkner,Two Soldiers,1942,,
Vsesvit,Фолкнер Вільям,Не загинуть!,1960,William Faulkner,Shall Not Perish,1943,,
Vsesvit,Фолкнер Вільям,Велетні,1960,William Faulkner,The Tall Man,1941,,
Vsesvit,Фолкнер Вільям,І все буде чудово,1960,William Faulkner,That Will Be Fine,1935,,
Vsesvit,Фолкнер Вільям,Старий: Повість,1962,William Faulkner,The Old People,1940,,
Vsesvit,Хайнлайн Роберт,А ще ми прогулюємо собак: Оповідання,1991,Robert A. Heinlein,We Also Walk Dogs,1941,Science fiction,First published in Astounding Science Fiction as by Anson MacDonald
Vsesvit,Хантер Івен,День народження: Оповідання,1991,Evan Hunter,The Birthday Party,1965,,"was published in Playboy in 1966, vsesvit refers to a carnival of modern humour by delacorte press 1967"
Vsesvit,Хантер Івен,Шкільні джунглі: Роман,1967,Evan Hunter,The Blackboard Jungle,1954,,
Vsesvit,Хейлі Артур,Готель: Роман,1972,Arthur Hailey,Hotel,1956,,
Vsesvit,Хелман Ліліан,Джулія: Повість,1985,Lillian Hellman,Pentimento: A Book of Portraits. Julia,1973,,Pentimento contains a section about an anti-nazi activist named Julia
Vsesvit,Хемінгуей Ернест,За ким сумує дзвін: Роман,1969,Ernest Hemingway ,For whom the Bell Tolls,1940,,
Vsesvit,Хемінгуей Ернест,Після дощу: Новела,1979,Ernest Hemingway ,Che ti dice la Patria,1927,,
Vsesvit,Хемінгуей Ернест,Постріл: Новела,1979,Ernest Hemingway ,The Shot,1951,,
Vsesvit,Хемінгуей Ернест,Три постріли,1975,Ernest Hemingway ,Three Shots,1972,,
Vsesvit,Хемінгуей Ернест,Індіанці виїхали,1975,Ernest Hemingway ,The Indians Moved Away,1972,,
Vsesvit,Хемінгуей Ернест,Останній незайманий край,1975,Ernest Hemingway ,The Last Good Country,1972,,
Vsesvit,Хемінгуей Ернест,Переїзд через Міссісіпі,1975,Ernest Hemingway ,Crossing the Missiissippi,1972,,
Vsesvit,Хемінгуей Ернест,Остання ніч у морі,1975,Ernest Hemingway ,Night Before Landing,1972,,
Vsesvit,Хемінгуей Ернест,День одруження,1975,Ernest Hemingway ,Wedding Day,1972,,
Vsesvit,Хемінгуей Ернест,Про творчість: 3 неопублікованого,1975,Ernest Hemingway ,On Writing,1972,,
Vsesvit,Хеммет Дешіл,Королівські клопоти: Повість,1991,Dashiell Hammet,This King Business,1928,Detective,
Vsesvit,Холдінг Джеймс,Пристойна ціна за картину: Оповідання,1991,James Holding,A Decent Price for a Painting,1982,Detective/Mystery,
Vsesvit,Хорген Пол,Медовий місяць по-американському: Оповідання,1981,Paul Horgan,National Honeymoon,1967,,"was included in The Peach Stone: Stories from Four Decades  collections printed in 1967, but according to the chronology was written/published in 1950"
Vsesvit,Х’юз Ленгстон,Перепис,1970,Langston Hughes,Census,1965,,
Vsesvit,Х’юз Ленгстон,Порожні будинки,1970,Langston Hughes,Empty Houses,1965,,
Vsesvit,Х’юз Ленгстон,Яхти,1970,Langston Hughes,Yachts ,1965,,
Vsesvit,Х’юз Ленгстон,Пригоди гарантовано,1970,Langston Hughes,Adventure,1965,,
Vsesvit,Х’юз Ленгстон,Золота брама,1970,Langston Hughes,Golden Gate,1965,,
Vsesvit,Х’юз Ленгстон,Співачки від Євангелія,1970,Langston Hughes,Gospel Singers,1965,,
Vsesvit,Х’юз Ленгстон,Бомбосховища,1970,Langston Hughes,Bomb Shelters,1965,,
Vsesvit,Х’юз Ленгстон,Ліворуч від господа,1970,Langston Hughes,God's Other Side,1965,,
Vsesvit,Х’юз Ленгстон,Конкурс,1970,Langston Hughes,Contest,1965,,
Vsesvit,Х’юз Ленгстон,Статути і статуї,1970,Langston Hughes,Statuteas and Statues,1965,,
Vsesvit,Х’юз Ленгстон,Виставляймося,1970,Langston Hughes,Pose-Outs ,1965,,
Vsesvit,Х’юз Ленгстон,Дядько Сем,1970,Langston Hughes,Uncle Sam ,1965,,
Vsesvit,Чандлер [Чендлер] Реймонд,Завіса: Повість,1991,Raymond Chandler,The Curtain,1936,,"first published in Black Mask, later part of Killer in the Rain collection published by Hamish Hamilton, London, 1964"
Vsesvit,Чандлер [Чендлер] Реймонд,Золоті рибки: Повість,1988,Raymond Chandler,Goldfish,1936,,"first published in Black Mask, later part if Five Murders collection, published by Avon Books in 1944, New York and in 1946 by Worls Publishong Co, Cleveland, OH, in The simple Art of Murder in 1950 etc - many other places"
Vsesvit,Чандлер [Чендлер] Реймонд,Постріли в ресторані Сірано: Повість,1980,Raymond Chandler,Guns at Cyrano's,1936,,"first published in Black Mask, later part of Red wind collection, published in 1946 by Worls Publishong Co, Cleveland, OH"
Vsesvit,Чандлер [Чендлер] Реймонд,Убивство під час дощу: Повість,1989,Raymond Chandler,Killer in the Rain,1935,,"first published in Black Mask, later part of Killer in the Rain collection published by Hamish Hamilton, London, 1964"
Vsesvit,Чівер Джон,Принади самотності: Оповідання,1983,John Cheever,The Pleasures of Solitude,1942,,"first published in the New Yorker, later was part of The Way Some people live collection published in 1943"
Vsesvit,Чівер Джон,"«Прокидайся, брате Жаку...»: Оповідання",1983,John Cheever,Frère Jacques,1938,,published in the Atlantic magazine
Vsesvit,Шеклі Роберт,Безіменна гора: Оповідання,1991,Robert Sheckley,A Mountain Without a Name,1955,,
Vsesvit,Шеклі Роберт,Заборонена зона - Лексіанський ключ: Оповідання,1983,Robert Sheckley,The Laxian Key,1954,,"first published in Galaxy in 1952, later in collection The people Trap in 1968 by Deli"
Vsesvit,Шоу Ірвін,Лиха пригода: Оповідання,1982,Irwin Shaw,A Wicked story,1953,,first published in the New Yorker in 1953
Vsesvit,Шоу Ірвін,Нічний черговий: Роман,1979,Irwin Shaw,Night Work,1975,,
Vsesvit,Шоу Ірвін,Основні течії в американській думці: Новела,1959,Irwin Shaw,Main Currents of American Thought,1939,,"first publishes in 1939 in the New Yorker, later in Five Decades collection and other places"
Vsesvit,Шоу Ірвін,Хліб по воді: Роман,1985,Irwin Shaw,Bread Upon Waters,1981,,
Vsesvit,Шулмен Макс,"Хлопці, наших бьють!: Сатир, роман",1960,Max Shulman,"Rally Round the Flag,  Boys!",1957,,